time,chat
00,어허..
00,makiyHello makiyHello makiyHello makiyHello makiyHello
00,ㅋㅋㅋㅋㅋㅋㅋㅋㅋㅋㅋㅋ
00,시작부터 신나네 ㅋㅋㅋㅋㅋㅋㅋㅋㅋㅋㅋ
00,막하
00,반가워용 '- ^
00,makiyHello makiyHello makiyHello makiyHello
00,막하
00,막하
00,막하
00,막하
00,막하
00,막하
00,막하
00,큰일남
00,반가워용 '- ^
01,막하
01,막카
01,막하
01,막하
01,막하~
01,막하~~
01,막하
01,노래 선곡 좋다~!!
01,막하
01,배경은 지금의 상태를 나타낸 건가요
01,막하
01,반가워용 '- ^
01,!노래
01,노래무엇
01,!업타임
01,방송 업타임: 0 시간 01 분 47 초
01,뽕짝
01,노래무엇
01,막하
01,반가워용 '- ^
01,막하
02,막하
02,마카마카
02,관심을 누구한테 바라는거냥
02,막하
02,반가워용 '- ^
02,막하
02,막하
02,노래 씐나누
02,막하
02,반가워용 '- ^
02,ㅋㅋㅋ
03,노래 뭐에요?
03,ㅋㅋㅋㅋㅋㅋㅋㅋ
03,사나마나 subscribed at Tier 1. They've subscribed for 10 months! 막이한테 10개월을 주라주라~
03,ㅋㅋㅋㅋㅋㅋㅋㅋㅋㅋㅋㅋ
03,막함ㄱ하
03,ㅋㅋㅋㅋ
03,이쒀요~~~~~~~~~~
03,다비이모 주라 맞나?
03,ㅋㅋㅋㅋㅋㅋㅋㅋㅋㅋ
03,ㅋㅋㅋㅋㅋ 살아있으시누?
03,makiyFuku ㅋㅋ
03,오전방송 이마기 오늘도 오후에 켜다
03,ㅋㅋ
03,!업타임
03,방송 업타임: 0 시간 03 분 49 초
03,????
03,?
03,오전이네
03,오후인데요??
03,막하
03,반가워용 '- ^
03,?
03,누맘대로 오전이누?
03,늘 있는 일이야
03,오전?
03,?
03,새벽 3시 45분 ㄷㄷㄷ
03,.......????????
03,?????????
03,ㅋㅋㅋ
03,엡나데
03,?? 오후인뎁쇼
03,에반데
04,캐나다에 사시나요?
04,시간개념보소
04,ㅋㅋㅋㅋㅋㅋㅋㅋㅋㅋㅋㅋㅋ
04,에반데
04,거기딱 시차 13시간인데
04,막하
04,막하 ㅋㅋㅋㅋ
04,???
04,ㅋㅋㅋㅋㅋㅋㅋㅋㅋㅋㅋㅋ
04,막터스텔라 에반데 ㅋㅋㅋ
04,PrideRise PridePog PrideRise PridePog
04,ㅋㅋㅋㅋㅋㅋㅋㅋㅋㅋㅋㅋㅋㅋㅋㅋㅋㅋ
04,아침?
04,ㅋㅋㅋㅋㅋㅋㅋㅋㅋㅋㅋㅋㅋㅋㅋㅋㅋㅋㅋㅋㅋㅋㅋㅋ
04,아닌데?
04,아침같은 오후
04,ㅋㅋㅋㅋ
04,ㅋㅋㅋㅋㅋㅋㅋㅋㅋㅋㅋㅋㅋㅋㅋㅋ
04,암튼 아침임???
04,이야.. 딴세상사시내 ㅋㅋ
04,나만의 작은 아침
04,막이의 시간은 거꾸로 간다 ㅋ
04,ㅋㅋㅋㅋㅋㅋㅋㅋㅋㅋㅋㅋㅋㅋㅋ 막이님한테는 아침 ㅋㅋㅋㅋ
04,막타임
04,스트리머들 말하는 내가 일어난시간이 아침이다 이건가?
04,??????????
04,?
04,?
04,??????????????
04,막하
04,반가워용 '- ^
04,이야..
04,??
04,????
04,??
04,3시간 채워야지 무슨소리야
04,본업 어케됨?
04,ㅋㅋ
04,3분할???
04,협테 펴
04,?
04,ㅋㅋㅋㅋㅋㅋㅋㅋ
04,chamchamTT18 chamchamTT18 chamchamTT18 chamchamTT18
04,???
04,그렇지 우리 막이님이 아침이라면 아침인거지 ^^7
04,어허
04,ㅋㅋㅋㅋㅋㅋㅋㅋ
04,아
04,3 분할 ㅅㄱ
04,ㄹㅇㅋㅋ
04,jjonhiTa jjonhiBle
04,고럼
04,3분할방송ㅋㅋㅋㅋㅋ
04,3분할 각 떤냐!!!
04,ㅋㅋㅋㅋㅋㅋㅋㅋㅋㅋㅋ
04,아니 출근전에 방송이라니
04,이야..
05,ㅋㅋㅋㅋㅋㅋㅋㅋㅋㅋㅋㅋㅋㅋㅋ 막하 역시 막하는방송^^7
05,협상해야주
05,협테하나요?
05,3분할 ㅅㄱ
05,어케 맞추실꺼??
05,왜 힘들까 ㅋㅋㅋㅋ
05,호요리~~~
05,출근 브이로그 ㄱ?
05,ㅋㅋㅋ
05,아직 이번주 안지났습니다 여러분
05,!팔로우
05,Lemonade_Q님은 막이님을 팔로우 한지 [101]일째♪( ´▽｀)
05,makiyHello
05,본업 4회로 늘면서 막이방송 어케될라나..
05,101일이 되었다
05,어차피 3분활확정났는데 편하게 하세요
05,!업타임
05,방송 업타임: 0 시간 05 분 49 초
05,ㅋㅋㅌㅋㅌ
05,밥은 묵고 댕기나요???
05,현타오셨구먼
05,막하
05,반가워용 '- ^
05,ㅋㅋㅋㅋㅋㅋㅋㅋㅋㅋㅋㅋㅋ
05,ㅋㅋㅋㅋㅋ
05,그럼 그냥 3분할 약속하고 편하게 휴방하십쇼
05,수능이랑 비슷하네
05,엉 오늘 회사 출근 아니었음?
05,ㅋㅋㅋㅋㅋㅋㅋ
05,ㅋㅋㅋㅋㅋㅋㅋㅋㅋㅋ
05,ㅋㅋㅋㅋㅋㅋㅋ
06,막타오셨네 ㅋㅋㅋ
06,일이 싫은게
06,근데 그런 공약을 거썼어요???
06,ㅋㅋㅋㅋㅋㅋㅋㅋㅋㅋㅋㅋㅋㅋ
06,방송이 노는거에서 일하는거로 인식이 바꼇내.....
06,청소하는것도 재밌고 ㅋㅋ
06,막하
06,반가워용 '- ^
06,배경이 그걸의미하는것이었구먼
06,막 공부할라고 마음먹으면 책상정리부터 1~2시간하고시작해야함 ㅋㅋ
06,그나저나 다이에뚜는 잘되시고계십니까
06,업이 되어부럿구먼.......
06,8월 1달을 쉬는건가요?
06,ㄹㅇㅋㅋ
06,제일 편한길 ㅋㅋ
06,부릉부릉 오토바이
06,이게막따
06,Squid1 SoonerLater Squid2 Squid2 Squid4
07,막하
07,반가워용 '- ^
07,포기하면 편해 ㅎㅎ
07,막토바이 3분할
07,막토바이가즈아
07,!후원
07,https://twip.kr/donate/makiymagi
07,근데 요새 그 옆집 왜 방송공지를 안 뛰어 주나요???
07,부릉
07,이번엔 무슨춤 춥니까?
07,일단 본업이 2회에서 4회로 늘었는데 막이방송은 어케 할꺼임?? 계획은 있음?
07,저쪽 얘기는 저쪽에 질문해주세요
07,ㅋㅋㅋㅋㅋㅋㅋ
07,ㅋㅋㅋ
07,틈새시장임??
07,흠?
07,아하
08,에헤이
08,ㅋㅋㅋㅋㅋㅋㅋㅋㅋㅋㅋㅋ
08,자아붕괴?
08,ㅋㅋㅋㅋㅋㅋㅋㅋㅋㅋㅋㅋ
08,정신 나갈것같애~
08,집에서 3d캐릭터 어찌만듬
08,스위치 하나 누르면 변신하누
08,듀얼코어 ㅋㅋㅋ
08,안빡빢하겟음???
08,ㅋㅋㅋㅋ
08,진짜 2중인격이네
08,ㅋㅋㅋㅋㅋㅋㅋㅋ
08,하루에도 인격이 ㅋㅋ
08,이중인격
08,오늘방송알찼다! 방송하러가자!ㅋㅋㅋ
08,투잡~~
08,진짜 궁금해서 묻는데요.. 가끔.. 자기 자긴 말할 때 호요리는 막이는 이거 안 헷갈려요??
08,엄청 빡빡할꺼같은데
08,재택근무의 폐해...
08,어 유희왕이다
08,??막이님 ㄹㅇ로 호요리님임??
08,점심 나가서 먹을것가태
08,호요리님에게 호스팅하고 방종하나요? ㅋㅋㅋ
08,분열된 자아
08,ㅋㅋㅋㅋㅋㅋ
08,ㅋㅋㅋㅋ
09,ㄹㅇㅋㅋ
09,도!막!호!
09,ㅋㅋㅋㅋㅋㅋㅋㅋ
09,ㅋㅋㅋㅋㅋㅋㅋㅋㅋㅋ
09,ㅋㅋㅋㅋㅋㅋㅋㅋㅋㅋㅋㅋㅋ
09,나중에 동시에 켜줘요 막이랑 호요리랑
09,ㅋㅋㅋㅋ
09,도!막!호!
09,이제 커가는데...
09,글킨한데 흐흠....
09,이번달만
09,마카~~
09,막하막하
09,켠왕때문이야 그게다
09,빡시게 하고
09,영상 많이 뽑아놔야됨 ㅋㅋ
10,ㅋㅋㅋㅋㅋㅋ
10,ㅋㅋ
10,ㅋㅋㅋㅋㅋㅋㅋㅋㅋㅋㅋㅋ
10,ㅋㅋㅋㅋㅋㅋㅋㅋㅋㅋㅋㅋㅋㅋ
10,헛둘헛둘!!
10,ㅋㅋㅋㅋㅋㅋㅋㅋ
10,ㅋㅋㅋㅋㅋㅋㅋㅋㅋㅋㅋㅋㅋㅋㅋㅋㅋㅋㅋㅋㅋㅋㅋㅋ
10,자전거가 운동됩니다
10,헐...............
10,에너지를 몇분할해야하는거야 ㅋㅋㅋㅋㅋㅋㅋㅋㅋㅋㅋ
10,몸을 안움직이다 움직여서 그런듯
10,ㅋㅋㅋㅋㅋㅋㅋㅋㅋㅋㅋㅋㅋ
10,?
10,ㅋㅋ
10,???
10,ㅋㅋㅋㅋㅋㅋㅋ
10,파쿠르?
10,ㅋㅋㅋㅋㅋㅋㅋㅋ
10,파쿠르????
10,구름???
10,담날 다리 작살나실텐데...
10,두시간 힘들게 타면 치킨 칼로리 빠지던데
10,아 ㅋㅋㅋㅋ
10,??
10,ㅋㅋㅋㅋㅋㅋㅋㅋㅋㅋㅋㅋㅋ
10,파쿠르??
10,막하
10,반가워용 '- ^
10,구른거임?
10,마기 구른다
11,어르신 몸생각도 하셔야죠
11,자전거네비?
11,엌ㅋㅋㅋㅋ
11,일반도보길 보셨넼ㅋㅋㅋ
11,도로로 네비 검색하시지
11,자전거 경로 따로 있지 않나요?
11,??
11,100020살이신데 힘넘치시네
11,오
11,딴데로 우회하는 선택지는 없나요?
11,ㅋㅋㅋㅋㅋㅋㅋㅋ
11,ㅋㅋㅋㅋㅋ
11,훈련을 하셨네ㅋㅋ
11,머리가 나쁘면 몸이 고생한다...
11,전지 훌련하심?
12,사서 고생하는 타입
12,전지 훈련하셧내
12,사진으로봤을때 가벼운자전거도아닌데 ㅋㅌㅋㅋㅋㅋ
12,따릉이 거의 20키로
12,ㅋㅋㅋㅋㅋㅋ
12,종아리에 알추가요~~ㅋㅋ
12,ㅋㅋㅋㅋㅋㅋㅋㅋ
12,??? : 엄마 저기있는사람 자전거 들고왔나봐
12,아 샛길
12,ㅋㅋㅋㅋㅋㅋ
13,갑자기 따릉이에서 산악자전거로 종목 변경
13,ㅋㅋㅋㅋㅋㅋㅋㅋㅋㅋㅋㅋ
13,ㅋㅋㅋㅋㅋㅋㅋㅋㅋㅋㅋㅋㅋㅋㅋㅋㅋㅋㅋ
13,피곤한 이유가 있었네요 ㅋㅋㅋㅋㅋㅋㅋ
13,ㅋㅋㅋ
13,ㅋㅋㅋㅋ
13,ㅋㅋㅋㅋㅋㅋㅋㅋㅋㅋㅋㅋㅋㅋㅋㅋ
13,턱 ㅋㅋ
13,아 절벽같은곳이구나
13,옹벽 ㅋㅋㅋ
13,ㅋㅋㅋㅋㅋ
13,ㅋㅋㅋㅋㅋㅋㅋㅋㅋㅋㅋㅋㅋㅋ
13,ㅋㅋ
13,능지부족 ㅋ
13,ㅋㅋㅋㅋㅋㅋㅋ
13,이막이 살많이빠지겠다
14,진짜 훈련을 하셨네
14,방송할 에너지까지 다쓰긴했겠다
14,ㅋㅋㅋㅋㅋㅋㅋㅋㅋㅋㅋ
14,ㅋㅋㅋㅋㅋㅋㅋㅋㅋ
14,ㅋㅋㅋ
14,ㅋㅋㅋㅋㅋㅋㅋㅋ
14,막하
14,반가워용 '- ^
14,ㅋㅋㅋ
14,있지요
14,사이클
14,라이딩용
14,ㅋㅋㅋㅋㅋㅋㅋㅋ
14,슥 슥 슥 슥
14,ㅋㅋㅋ
14,빵댕이 씰룩씰룩 대면서
14,ㅋㅋㅋㅋㅋㅋㅋㅋㅋㅋ
14,아 댄싱
14,슉슉슉
14,ㅋㅋㅋㅋㅋㅋㅋㅋㅋㅋㅋㅋㅋㅋㅋ
14,마이 무겁지 ㅋ
14,ㅋㅌㅋㅋㅋㅋㅋ
14,ㅋㅋㅋㅋㅋㅋㅋㅋㅋㅋㅋㅋ
14,ㅋㅋㅋㅋㅋㅋㅋㅋㅋㅋㅋㅋㅋ
15,근데 그런거 처음타면 엉덩이아픔
15,ㅋㅋ
15,ㅋㅋㅋㅋㅋㅋㅋㅋㅋㅋㅋㅋ
15,ㅋㅋㅋㅋㅋㅋㅋㅋㅋㅋㅋㅋㅋㅋ
15,에이 사람이 할수있는걸해야지
15,ㅋㅋㅋㅋ
15,힘들만하네
15,ㅋㅋㅋ
15,ㅋㅋ
15,ㅋㅋㅋㅋㅋㅋㅋㅋㅋㅋㅋㅋㅋㅋㅋㅋ
15,잘하셧음 ㅋㅋ
15,잘하셨어요ㅋㅋㅋㅋㅋ
15,사이클도 전문적으로 배워야 해요 잘타려면
15,그래서 쉬시게요?
15,에고.. 다 큰 처녀가 저게 뭐람
15,마기님 안뇽하세요~~
15,새벽에 타면 기분 개 좋던데
15,건강검진 해야지
15,ㅋㅋ
15,강제 다이어트
15,그럼 오늘 빼야죠 뭐
15,그거 물도 못마셔
16,그거 건강검진아니고 신체검사 아니예요??
16,다이아트네요
16,먹으면 검사하시는분 눈이 위험해..
16,ㅋㅋㅋㅋㅋㅋㅋㅋㅋㅋㅋㅋㅋㅋㅋㅋㅋㅋㅋㅋ
16,넹
16,장속에 음식물이 없어야하니깐요
16,일정이 바쁘네욧 마기님 ㅋㅋㅋㅋㅋㅋㅋ
16,그거 교정을 해보시는게
16,ㄷㄷ
16,ㅋㅋㅋㅋㅋ
17,갈라서 조각내서 빼
17,강제 다이어트넹
17,갈갈갈
17,으....
17,.... 아 방송 없다고요?
17,먹지도 못하는...
17,으으
17,망했네 그거
17,한덩안 휴방 ㅂ빌드업이구나 ㅋㅋㅋ
17,휴___방
17,먹지도못하고 말도못하고
17,합리적 휴방
17,어? 왜 좋아해?
17,먹지도 못함
17,너무 좋아하시는데요??
17,손위에감자 subscribed at Tier 1. They've subscribed for 2 months! 막하
17,고로 3분할이다???
17,강제휴방이 되것넹... ㅠ.ㅠ
17,강제 휴방
17,어차피 3분할 쉬십쇼
18,못 먹고 엄청 아플텐데
18,옹알이를 보고싶으시다면!
18,귀엽긴하겠다 ㅋㅋㅋㅋㅋㅋㅋㅋㅋ
18,옹알옹알 ㅋ
18,와 사랑니 리뷰
18,ㅋㅋ
18,ㅋㅋㅋㅋㅋㅋ
18,지금도 어눌하신데 그것보다 더한다고요
18,ㅋㅋㅋㅋ
18,옹알이도 컨텐츠지
18,사랑니 발치썰
18,말하는데 어눌한거 보고 놀려야지 ㅋㅋ
18,철상자 subscribed at Tier 1. They've subscribed for 10 months! 평소랑 별로 다른게 없으면 그거 나름대로 볼만...
18,ㅋㅋㅋㅋㅋㅋㅋㅋ
18,사랑니 들고오나?
18,전자언니의 힘을 빌리면 충분히 가능할수도
18,그런방송 댕많은데
18,??
18,스피치 쳇으로 대화하시죠 ㅋㅋ
18,ㅅㅌㅊ ㅋㅋㅋㅋㅋㅋ
18,ㅋㄲ
18,카톡톡방인데 사실은 흑우방지톡방 https://open.kakao.com/o/glRysj1b
18,ㅋㅋㅋㅋㅋㅋㅋㅋㅋㅋㅋㅋ
18,말할때마다 입에서 피터질거같은데 ㅋㅋㅋㅋㅋㅋㅋㅋㅋㅋㅋㅋㅋ
18,ㅆㄱㄴ
19,Vlog 쌉가눙?
19,ㅋㅋ
19,이해 못하는건 어차피 똑같...
19,ㅋㅋㅋㅋㅋㅋㅋㅋㅋㅋㅋㅋㅋㅋㅋㅋ
19,ㅋㅋㅋㅋㅋㅋㅋㅋㅋㅋㅋㅋㅋㅋㅋㅋㅋㅋ
19,ㅋㅋㅋㅋㅋㅋㅋㅋ
19,ㅋㅋㅋㅋㅋㅋㅋㅋㅋ
19,입오타가 뭐야?
19,ㅋㅋㅋㅋㅋㅋㅋㅋ
19,ㅋㅋㅋㅋㅋㅋㅋㅋㅋㅋㅋㅋㅋㅋ
19,ㅋㅋㅋ
19,근데 우린 알아먹어..
19,그거 컨셉아니었어?
19,근데 대충 우린 알아먹어
19,ㅋㅋㅋㅋㅋㅋㅋ
19,이쯤되면 대충 해석해 먹...
19,ㄴㅋㅋㅋㅋㅋ
20,컨셉이 아닌듯욧?????ㅋㅋㅋㅋㅋㅋㅋㅋㅋㅋ
20,ㅋㅋㅋㅋㅋㅋㅋㅋ
20,하긴 안똑똑하긴하지
20,우리는 대충 다 알아먹어요
20,?
20,??
20,척?
20,척?
20,??
20,척?
20,?
20,그건 진짜잖...
20,척?
20,???
20,멍청한.. 거아니었어?
20,갈고리 수집가 시네 ㅋㅋ
20,지각이?
20,척????
20,그냥 멍청한거지 무슨 척이야
20,지각도 진짜잖...
20,척..?
20,지각이?
20,makiyFuku makiyFuku
20,?
20,지각은 진짜잖아요ㅋㅋㅋㅋㅋㅋㅋㅋㅋㅋㅋㅋ
20,ㅋㅋ
20,?
20,유튭 에반데 ㅋ
20,???
20,지각이ㅠ컨셉??..
20,53이요?
20,근데 왜그럼?
20,그 사이트 ㅋㅋ
20,아.. 유튭방패..
20,1.53이겠지
20,ㅋㅋㅋㅋㅋㅋㅋㅋㅋㅋ
20,멘사 시험보실
20,ㅋㅋㅋㅋㅋㅋㅋㅋㅋ 예? ㅋㅋㅋㅋㅋㅋㅋ
20,ㅋㅋㅋㅋㅋㅋㅋㅋㅋㅋㅋㅋㅋㅋㅋㅋㅋㅋㅋㅋ
20,?
20,?
20,근데 안일어나잖아요
20,???
21,이거 능지 테스트 해야겠는데?
21,못이라뇨 안이지
21,알람소리를 더 키워요
21,못들을뿐 ㅋㅋㅋㅋㅋ
21,사진을 배경화면으로 해놧누
21,저게 아이큐 153이 하는 발언인가
21,>> 안 <<
21,의지의 차이 ㅋㅋㅋㅋㅋ
21,ㅇ0ㅇ
21,휴하
21,컨샙이라면 안이라고 해야죠
21,아예 알람을 못듣는거야?
21,휴하
21,휴하
21,쉴드를 걷어차시메
21,ㅋㅋㅋㅋㅋㅋㅋㅋㅋ
21,사진 ㅋㅋㅋㅋㅋ
21,ㅋㅋㅋㅋㅋㅋ
21,오늘... 그럼 아침에 깨신거 같던데.. 왜 지금 오신거에요...?
21,ㅋㅋㅋㅋㅋㅋㅋㅋㅋㅋㅋㅋㅋㅋㅋㅋㅋㅋㅋㅋㅋㅋㅋㅋㅋㅋㅋㅋㅋㅋㅋㅋㅋㅋㅋㅋ
21,ㅋㅋ
21,ㅋㅋㅋ
21,ㅋㅋㅋㅋㅋㅋㅋㅋㅋㅋㅋㅋㅋㅋㅋㅋㅋㅋㅋㅋㅋㅋㅋㅋㅋㅋ
21,ㅋㅋㅋㅋㅋㅋㅋㅋㅋㅋㅋ
21,ㅋㅋㅋㅋㅋㅋㅋㅋ
21,번복 ㅋㅋㅋㅋ
21,이걸 안하네 ㅋㅋ
21,ㅋㅋ
21,ㅋㅋㅋㅋ
21,이걸ㅋㅋㅋㅋㅋㅋㅋㅋㅋ
21,저는 막이님 방송볼려고 10시 30분에 알람듣잖아마자 준비하고 있는데
21,키는 엄청 큰데
22,160대아니었음?
22,168
22,ㅋㅋㅋㅋㅋㅋㅋㅋㅋㅋㅋㅋㅋㅋ
22,ㅋㅋㅋㅋㅋㅋㅋㅋㅋㅋㅋㅋㅋㅋㅋㅋ
22,ㅋㅋㅋㅋㅋㅋㅋㅋㅋㅋㅋㅋ
22,가장 이쁜키 아닌가욥
22,아하!
22,ㅋㅋㅋㅋㅋ
22,ㅋㅋㅋㅋㅋㅋㅋㅋㅋ
22,못이모시
22,수금각 재는거 보면 153 맞으신듯
22,ㅋㅋㅋㅋㅋㅋㅋㅋㅋㅋㅋㅋㅋ
22,못이였누ㄷ
22,못이모시ㅋㅋㅋㅋㅋㅋ
22,키크시내요
22,오늘 그래도 오전에는 깨신거 같은데... 왜 지금... 오신거에요...?
22,왜요?
22,?
22,170X170X170이심
22,검사결과는 170이었고 섬님이 줄자로 쟀을때 대충 168 이라고 했었음
22,봤을때 70대는 아니었는데
22,못이모시ㅋㅋㅋㅋㅋ
22,마기님 키는 2미터 79센티죠 암암
22,ㅋㅋㅋㅋㅋㅋㅋㅋㅋ
22,부모님이 키크신가봐요?
22,ㅋㅋㅋㅋㅋㅋㅋㅋ
22,ㄴㅋㅋㅋㅋㅋㅋㅋ
22,1시넘어서...
22,1시반에 깻었자너
22,아...오후셨구나..
22,거대화
22,이게 막이님한테는 오전임 ㅋㅋㅋㅋㅋ
23,아 ㅋㅋㅋㅋㅋ
23,ㅋㅋㅋㅋㅋㅋㅋㅋㅋ
23,뇌가 잠듬
23,그냥 침대속에 있고있엇다 그거지뭐
23,뒹굴뒹굴했다는거구나
23,ㅔ
23,ㄹㅇ
23,네
23,ㅔ
23,누워서 이제 핸드폰 들고
23,몸: 귀찮음
23,네..
23,그래도 1시간안에는 꺠요..
23,네
23,ㅖ
23,난 그러는데
23,오징어덮밥! 하면서 일어남
23,출근할때 그러케하지
23,2미터 79센치 몸이 뜰려면 오래걸리죠
23,밖을 안나가요
23,어
23,네
23,네
23,주말에도 출근하는데요
23,그러는데요
23,오늘 출근날 아님?
23,밖에는 안 나가지만 깨요...
23,네
23,일단 주말엔 잘 안잠
23,그러네 주중이네
23,밖에만 안나가고 일어나죠...
23,일단 주말도 아님
23,ㅋ
23,수요일인데요
23,막하
23,반가워용 '- ^
23,딱 시간 아슬아슬하게 일부러 일어나니까 일어나자마자 준비하는게 맞는데?
23,일단 깨면 씻어요
23,그러네 주중이네ㅋㅋㅋㅋㅋㅋㅋㅋㅋㅋㅋㅋ
23,ㅋㅋㅋㅋㅋㅋㅋㅋㅋㅋㅋㅋ
23,일어나자마자 쫀득님 덕질
23,막이피셜 난 매일이 주말이다?
23,ㅋㅋㅋㅋㅋㅋㅋㅋ
23,이악물고무시하기
23,응 ㅋㅋ루삥빵뽕
23,화.. 났어요 .....?
23,ㅋㅋ
23,맞아
23,ㄹㅇㅋㅋ
23,출근해여지....
23,ㅋㅋㅋㅋ
23,ㄹㅇㅋㅋㅋ
23,ㄹㅇㅋㅋ
24,ㅋㅋㅋㅋㅋㅋㅋㅋㅋㅋㅋㅋㅋㅋㅋㅋ
24,저거지
24,ㅋㅋㅋㅋㅋㅋㅋㅋ
24,ㅋㅋㅋㅋㅋㅋㅋㅋㅋㅋㅋ
24,ㅋㅋㅋㅋㅋㅋ
24,경--건
24,아니요 주말에는 9시 30반에 일어나 막이님방송 볼 준비를 하죠
24,아니 일어나면 찝찝하단말이야 여름이라
24,ㄹㅇㅋㅋ
24,ㅋㅋㅋㅋㅋㅋ
24,눈뜨자마자 켜놓고 들으면서 씻어야죠 ㅡㅡ
24,그럴려고해도 님이 지각하시잖아요
24,이미 트위치를 안끄고 잤는걸
24,누가 꺼놓고 잠?
24,아 들켰네
24,켜놓고 자는데
24,ㅋㅋ
24,"이녀석은 ""진짜""다"
24,ㅋㅋㅋ
24,ㅋㅋㅋㅋㅋㅋㅋㅋㅋㅋㅋ
24,ㅋㅋㅋㅋㅋㅋㅋㅋㅋㅋㅋㅋㅋ
24,ㅋㅋㅋㅋㅋㅋㅋㅋㅋㅋㅋ
24,ㅋㅋㅋㅋㅋㅋ
24,찐이다
24,앗... 나두 들켯당..
24,이야..
24,ㅋㅋㅋㅋㅋㅋㅋㅋ
24,막타임이 있단말이다
24,ㅋㅋㅋㅋㅋㅋㅋㅋ
25,준비만 한다고요
25,솔직히 나는 깨어있지만 방송은 안 하죠 항상....
25,스읍 맞는말이긴 한데
25,옳소
25,ㅁㅈㅁㅈ
25,ㄴㅋㅋ
25,킹정
25,크흠...
25,이막이방송의 일상: 지각
25,인정..ㅋㅋㅋ
25,ㅇㅈ
25,걍 하루종일 라디오처럼 틀어놓고 할거함..
25,마자 저거ㅜㄹㅇ
25,ㅋㅋ
25,ㅇㅈ
25,마자마자..
25,ㅋㅋㅋㅋㅋㅋㅋㅋㅋㅋㅋㅋㅋㅋㅋㅋ
25,옳소
25,정한시간대로 방송을 안해..
25,ㅇㅈㅇㅈ
25,ㅋㅋㅋㅋ
25,뼈맞았다
25,makiyHello makiyHello makiyHello
25,진짜.. 이 내용 그대로 이 주제 그대로 매번 얘기하지만 매번 지루하지는 않네요
26,ㄴㄴㄴㄴ
26,??
26,방송은 열심하긴해
26,성실한 이막이님
26,makiyBbb
26,시간이 안지켜지는거뿐이지 방송은 열심히하구이써
26,뭐래는거지
26,이막이가 하루라도 지각 안하면 해가 서쪽에서뜸
26,오늘 그래서 몇 시 출근인데요
26,매번 지각이지만 절대 자루하지않는 막기님 ㅋㅋㅋㅋㅋㅋㅋㅋㅋㅋ
26,이쯤되면 방송시간의 불규칙성 자체가 컨텐츠
26,???
26,?....
26,?
26,?
26,에반데
26,나도그러고싶다
26,??
26,???
26,makiyFuku makiyFuku
26,?
26,아직 꿈속인가???
26,킹반대
26,에반데
26,?
26,??
26,취집하시게요......?
26,??
26,그뭔...
26,망상 에반데
26,?!?!!?!??!?!!
26,makiyFuku makiyFuku makiyFuku
26,ㅋㅋ
26,ㅋㅋㅋㅋㅋㅋㅋㅋ
26,ㅋㄱㅋㅋㅋㅋ
27,방송은 열심히하시는데 지각을 너무하시잖아요
27,ㅋㅋㅋㅋㅋㅋㅋㅋㅋㅋㅋㅋㅋㅋㅋㅋㅋㅋㅋㅋㅋㅋㅋ
27,ㅋㅋㅋㅋㅋㅋㅋㅋㅋㅋㅋㅋㅋㅋ
27,재벌 아니면 불가능
27,ㅋㅋㅋㅋㅋㅋㅋㅋㅋㅋㅋㅋㅋㅋㅋㅋㅋ
27,ㅋㅋㅋ
27,어디서 많이 본 카드가 저기서 긁히고 있다.. 그렇다 그 남자는 소매치기였다
27,지금 화면에 띄어저 있는 캐릭터 막이님 현실 반영 10000%네;;;
27,BBBBB
27,그건 드라마
27,드라마 꺼
27,는 없지
27,드라마
27,그건 드라마
27,요즘 드라마보니?
27,너무 드라마
27,드라마 너무보신듯
27,망상 ㄴ
27,는 드라마
27,드라마
27,ㅋㅋㅋㅋㅋㅋㅋㅋㅋㅋㅋㅋㅋㅋㅋㅋㅋㅋㅋㅋㅋㅋ
27,고소
27,우우
27,고소
27,망상 ㄴ
27,우욱
27,드라마좀 그만봐
27,차로쳐싼
27,둘다 제정신이아니내..
27,라느내용의 드라마찾음
27,그 제벌이 왜 막이님 만나요?
27,반제보다 판타진데ㅋㅋㅋㅋㅋㅋㅋㅋㅋㅋㅋ
27,망상증 on!
27,현실: 폭행으로 고소
27,차로쳤나 머리가 다쳤네
27,ㅋㅋㅋㅋㅋㅋ
27,둘다 정신병자지 그건
27,ㅋㅋ
27,풉 ㅋ
27,경찰메일날라온다
27,앗
27,풉ㅋ
28,ㅋㅋㅋㅋㅋ 망상 on
28,저는 제 주식이 30만 되는 망상만 해요
28,편안
28,풉ㅋ
28,그걸 지켜보는 -쫀-
28,그 제벌남자 상대가 준석님이면
28,이거 위험한거 아니냐
28,그걸 지켜보는 ㅋㅋㅋㅋㅋㅋㅋ
28,ㅋㅋㅋㅋ
28,ㅋㄴㄴㄴㄴㄴ
28,ㅋㅋ
28,ㅋㅋㅋㅋㅋㅋㅋㅋㅋㅋㅋㅋ
28,ㅋㅋㅋㅋㅋㅋㅋㅋ
28,ㅋㅋㅋㅋㅋㅋㅋㅋㅋㅋㅋㅋㅋㅋㅋㅋㅋㅋㅋ
28,makiyFuku
28,어서 병원을 가보세요!
28,16?
28,ㅋㅋㅋㅋㅋㅋㅋㅋㅋㅋㅋㅋㅋㅋ
28,그걸 사는 흑우가있을까요?
28,요즘 많이 힘들구나..
28,그 번호 자기가 매번 다 풀었지 않음?
28,이거 어디서 많이 본 병 초기 증상인데
28,ㅋㅋㅋㅋㅋㅋㅋㅋㅋㅋㅋㅋㅋㅋㅋㅋㅋ
28,아기피앙새
28,???
28,??
28,아기깜상?
28,아기꽃돼지
28,makiyFuku makiyFuku makiyFuku
28,???
28,?
28,아기상어야?
28,이게 발전되면 리플리증후군이야
28,우욱
28,아기가슴?
29,머리가 이상해진거같다..
29,아기 티라노
29,막이님 제발 쉬세요 많이 힘들어보이시네
29,우욱
29,리사수
29,아기 기니피그
29,ㅋㅋㅋㅋㅋㅋㅋㅋㅋㅋㅋㅋㅋㅋㅋㅋㅋㅋㅋㅋㅋㅋㅋㅋㅋㅋㅋㅋㅋ
29,막이님 아시는분중에 빨리 막이님 병원에 모셔가세요
29,요즘?
29,정지만 안당하면 되지
29,ㅋㅋㅋㅋㅋㅋㅋㅋㅋㅋㅋㅋㅋㅋ
29,makiyJjing
29,정신이 저세상 갔다..
29,정신줄뿐만 아니라...다른것도
29,ㅋㅋㅋ
29,아기 뉴트리아...? 기니피그는 너무 작으니까
29,고미가 고생이많내요
29,아직현실 구분가능하죠?
29,막이가먹다남긴떡볶이국물 subscribed at Tier 1. They've subscribed for 4 months! 
29,ㅋㅋㅋㅋㅋ
29,아니다!!! 아기 카피바라 가죠
29,제세상텐션 ㅋㅋㅋㅋㅋㅋㅋ
29,정신상태가 화면이랑같네
29,ㅋㅋㅋㅋㅋㅋㅋㅋㅋㅋㅋㅋㅋㅋㅋㅋㅋㅋㅋㅋㅋㅋㅋㅋ
29,현실 구분읔 되시죠??ㅋㅋㅋ
29,먹이 ㅋㅋㅋㅋㅋㅋ
29,아직도 남았무
29,아니면 내가 가는 상담셈터 갈래? 비싼데 잘하긴 해
29,먹이ㅋㅋㅋㅋㅋㅋㅋㅋ
29,ㅋㅋㅋㅋㅋㅋㅋ
30,화면이 현상태를 나타낸다
30,막하
30,반가워용 '- ^
30,오늘 컨셉 그대루인 일러
30,ㅋㅋㅋㅋㅋㅋㅋㅋㅋㅋ
30,ㅋㅋㅋㅋㅋ
30,막하
30,ㅋㅋㅋㅋㅋㅋㅋㅋㅋㅋㅋㅋㅋㅋㅋㅋㅋㅋㅋㅋ
30,ㅋㅋㅋㅋㅋㅋㅋㅋㅋㅋ
30,출근은 어케하누 ㅋㅋ
30,늦었을때라도 가야
30,ㅋㅋㅋㅋㅋㅋㅋㅋㅋㅋㅋ
30,언덕위 하얀집 가실래여
30,1회에 8만5000원이야
30,ㅋㅋ
30,빨리 고쳐...
30,아니면 제가 좋은 정신병동 알아볼까요?
30,응 없쩡..
30,와
30,ㄹㅇ ㅋㅋ
30,우린 10만원인데;;
30,생얼로 돌아다니지 않아?
30,국밥이 몇그릇이야
30,국밥 든든하게 먹기
30,국밥 ㄷㄷ
30,막이님 병원가보셔야할듯
30,국밥이 몇뚝배기야ㄷㄷ
30,근데 저기 서울에는 랍스타 무한리필 뷔페 있지 않음???
31,그러면서 뭔
31,ㅋㅋㅋㅋㅋㅋㅋㅋㅋㅋㅋㅋㅋㅋㅋㅋㅋㅋㅋㅋㅋㅋㅋㅋ
31,운명적인 신고는 당할 수 있겠다
31,빅맥지수로 계산안하고 국밥지수네 ㅋㅋㅋㅋㅋ
31,ㅋㅋㅋㅋㅋㅋㅋㅋㅋㅋㅋㅋㅋㅋㅋㅋㅋㅋㅋㅋㅋㅋㅋ
31,막이는 식식식
31,ㄹㅇ ㅋㅋ
31,그래서 살이...
31,와 논리적인거봐 ㅋㅋㅋㅋㅋㅋㅋㅋㅋㅋㅋ
31,랍스타 무한리필 뷔페있음 100달라 ㅋㅋㅋㅋㅋㅋ
31,ㅋㅋㅋㅋㅋ
31,ㅋㅋㅋㅋㅋㅋㅋㅋㅋ
31,그래요 가운데 껴져잇는 뱃살도 중요해요...
31,아하
31,역시 돼지의 마인드
31,.... 맥도날드.. 빵 바뀌고 사람들이 좋아졌다고 했는데...
31,ㅇㅎ
31,햄버거패티4장으로해서 먹는사람도 있는데요 뭐
31,사람이 논리적이 됐네 갑자기 ㅋㅋㅋㅋㅋㅋㅋㅋㅋㅋㅋㅋ
31,ㅋㅋㅋㅋㅋㅋ
31,ㅋㅋ
32,ㅋㅋㅋㅋㅋㅋㅋㅋㅋㅋㅋㅋㅋㅋㅋㅋㅋㅋㅋㅋ
32,ㅋㅋㅋㅋㅋㅋㅋㅋㅋㅋㅋㅋㅋㅋㅋ
32,갑자기 능지상승 ㅋㅋㅋㅋㅋㅋㅋㅋ
32,위장이 뇌를 지배하신건가
32,랍스타보다는 대게가 더좋음
32,정신을 놓으면 논리적으로 바뀌는 건가..?
32,에이 중학교때 입던거는 살쪄서 못입..
32,KirisDK subscribed with Twitch Prime. They've subscribed for 4 months! 기적의 논리...
32,?
32,저도요
32,대게가 맛있긴하죠
32,보온을 외투로 안하고 지방으로 하시는건가
32,ㅋㅋ
32,ㅋㅋㅋ
32,매번 느끼지만 특별한 이야기 아닌데 특별하게 만드시네요
32,먹을꺼로 능지 상승 에반데 ㅋㅋㅋ
32,그래서 본업은 몇시야?
32,맞지맞짖
32,?
32,...?
32,?
32,?
32,?
32,?
32,?
32,??
32,?
32,선넘지 마십쇼
32,????
32,????
32,선넘내
32,선넘내
32,이씨
32,makiyFuku makiyFuku
32,너무 옛날로갔다
32,...
32,갑자기 뭔 얘기에요
32,아..
32,에반데
32,안녕히계세요
32,선을..
32,우이씨
33,makiyXxx makiyXxx makiyXxx makiyXxx makiyXxx makiyMm makiyMm makiyMm makiyMm
33,웩시
33,세시면 한시간 전인데요
33,확마씨
33,욕해달라고 말해 그런말하지 말고
33,.....
33,언팔하러 갑니다
33,하아...
33,아런 씨
33,무시무시
33,확씨
33,makiyBbb makiyBbb makiyBbb
33,ㅋㅋ
33,방종각
33,makiyMm makiyMm makiyMm
33,매니저 !!!!!!!!!! 마이크 좀 꺼줘요
33,ㅋㅋㅋㅋㅋㅋㅋㅋㅋㅋㅋㅋㅋㅋㅋㅋㅋㅋㅋㅋㅋㅋㅋㅋㅋㅋㅋㅋㅋㅋㅋㅋㅋㅋㅋ
33,막이씨...
33,makiyXxx
33,유튜브만 보다가 처음 생방보는데 선넘으시네
33,배고프시면 죽빵을 디리겠습니다
33,ㅋㅋㅋㅋㅋㅋㅋㅋㅋㅋㅋㅋㅋㅋㅋㅋㅋㅋㅋ
33,????
33,ㄹㅇㅋㅋ
33,와 유튜브 유입이 있다니
33,ㄹㅇ
33,ㅋㅋㅋㅋㅋㅋㅋ 유입도 빡치는 방송
33,막이님 쉬세요 힘드신거 진짠갑네
33,ㄹㅇㅋㅋ
33,makiyMakyi makiyGoTek
33,막하
33,ㄹㅇ ㅋㅋㅋ
33,반가워용 '- ^
33,우리 반응 보려고 저런거였어...
33,ㅋㅋㅋㅋㅋㅋㅋㅋㅋ
33,하하하하
33,ㅋㅋㅋㅋㅋㅋㅋㅋㅋㅋㅋㅋㅋㅋㅋ
33,저희 방송은 레알 별 거 없는데 별 거 있게 얘기하는 방송입니다
33,ㅋㅋㅋㅋ
33,얼릉 119불러
33,이야 망했어요 ㅋ
33,정신줄 120퍼센트 놔버리신 막이넴
33,ㅋㅋㅋㅋ
34,ㅇㅈ
34,님 정신줄 맨날 놓으시잖아요
34,ㅇㅈ
34,ㅇㅈ
34,ㅇㅈ
34,다이어트 시작하신지 얼마나 되셨다구 .. 벌써..
34,이번달만 열심히 하고 8월에는 천천히 하자 ㅋㅋㅋㅋㅋㅋㅋㅋㅋ
34,ㅇㅈ
34,이 말빨에 계속 보러 오지 거참
34,오늘의 상태는 방송화면이 말해줍니다
34,딴방가서 어그로끌면서 혐청자짓좀 하면 풀릴 거 같은디
34,ㅋㅋ
34,?/
34,오늘만 심하다는건 변명 입니닷
34,머부분 놓고 계신거 아니었음?
34,정신줄을 잡아도 정신이 없는 이막이 뱅송입니다...
34,좀이 아닌거같은데.....
34,지금 정신줄로 줄넘기 하시는게 다이어트 때문인가요?
34,0과 1은 다르다는건가
34,막이는 그럴만한 용기가 없어..
34,막하
34,반가워용 '- ^
34,다이어트가 아님.. 이 분은 그냥 일하러 나가기 싫을 뿐임
35,노잼인게 스트리머가 아니면 벤당한다 생각하고 하는거지
35,이게 다 켠왕때문이야
35,ㅋㅋㅋㅋㅋㅋㅋㅋㅋㅋㅋㅋ
35,ㄹㅇㅋㅋ
35,ㅋㅋㅋㅋ
35,일하고 싶긴한데
35,인정
35,ㅋㅋㅋㅋㅋㅋㅋㅋㅋㅋㅋㅋㅋㅋㅋㅋ
35,돈이 필요해
35,나 몰래 퇴근중인데
35,ㅋㅋㅋㅋㅋ
35,일하기 싫은건 인정이지;;
35,그건 그렇지만.. 님은 좀 더 격렬하게 극적으로 계속 그렇지 않나요?
35,ㅋㅋㅋㅋㅋㅋㅋㅋㅋㅋㅋ
35,쩌누 ㅋㅋ
35,ㅋㅋㅋㅋㅋㅋ
35,ㅋㅋㅋㅋㅋㅋ
35,지금 앉아서 돈 벌고 있네
35,ㅋㅋㅋㅋㅋㅋㅋㅋㅋ
35,좋네 저거
35,라임오짐
35,마직막 마음에 들어
35,ㅋㅋㅋㅋㅋㅋㅋㅋㅋㅋㅋㅋㅋ
35,보통에는 반쯤 정신줄을 잡고 있다가 오늘은 완전히 놓으신 막이님
35,많이 쳐드린거임
35,막하
35,반가워용 '- ^
35,일단 그래서 오늘 저녁은 못 드시네요
36,제정신이 10이나 되다니ㄷㄷ
36,제정신 후하네
36,10 많이 쳐주셨네
36,어...음... 맞네 앉아있으니
36,그러랑 그거랑 다르잖아
36,글킨하지..
36,ㄹㅇ
36,맞지
36,오늘 능지 상승이쩌내 ??
36,난 유급 휴가 이써용
36,5개남음
36,아이큐 156이시라 말 한마디도 안지시네요
36,ㅋㅋㅋㅋㅋㅋㅋㅋㅋㅋㅋㅋㅋㅋㅋ
36,맞지맞지
36,그래서 님 언제 출근함?
36,난 회사에서 강제로 휴가 보내던데..
36,그님출?
36,섹시에..
36,그건 맞네..
36,어?
36,?????
36,?
36,그래서 섹시가 몇시에요
36,?
36,?
36,준비는요?
37,막하
37,반가워용 '- ^
37,타임어택이었누?
37,그정도로 짧방이었다고?
37,?
37,미루면 안되요!
37,말로는 항상 이기는 이유는.. 이 분이.. 오빠가 있어서이다...
37,30분에 끄고 쉬다가 키셈 별슈있나
37,!업타임
37,흐흠..
37,방송 업타임: 0 시간 37 분 19 초
37,본업이 먼저지 뭐...
37,1시간도 못체우겟내
37,3분할 하면 끝이지 뭥
37,막하
37,반가워용 '- ^
37,본업으로 돈을 벌어야지..
37,허허
37,ㅇㅎ
37,아항!
37,오
37,ㅇㅎ
37,그건 어쩔 수 없지
37,ㅇㅎ
37,ㅇㅎ
37,ㅋㅋㅋㅋㅋㅋㅋㅋㅋㅋㅋㅋ 오오옹
37,오
37,아냐 키지마
37,ㅋㅋㅋㅋㅋㅋㅋㅋㅋㅋ
37,ㅋㅋㅋㅋㅋ
37,오오오ㅗ
37,그럼 어쩔 수 없지
37,ㅋㅋㅋㅋㅋㅋㅋㅋㅋㅋㅋㅋㅋㅋㅋ
37,빛라버니!!!
37,ㅋㅋㅋㅋㅋㅋㅋㅋ
37,빛라버니 오오
37,ㅋㅈㅋㅋㅋ
37,ㅋㅋㅋㅋㅋㅋㅋㅋ
37,ㅋㅋㅋ
37,오늘 뭔가 운동은 안 하는데 이동경로가 엄청나게 왔다갔다 기네요
38,오ㅋㅋㅋㅋㅋㅋㅋㅋㅋㅋㅋㅋ
38,괜찮은데?
38,오오오오
38,빛라버니 마취 깨어나는 방송을..
38,ㅋㅋㅋㅋㅋㅋㅋㅋㅋㅋㅋㅋ 검사전이잖아요 배고프니 예민해지겠지
38,그러면 무서워
38,?
38,?
38,?
38,?
38,ㅋㅋㅋㅋㅋㅋ
38,?
38,?
38,ㅋㅋ
38,?
38,?
38,ㅇ0ㅇ
38,?
38,ㅋㅋㅋㅋㅋㅋㅋㅋㅋㅋㅋㅋ
38,그러셈
38,???????
38,회피기 에반데 ㅋ
38,?
38,ㅈㅅ..해여
38,정지엔딩
38,빛라버리 나오시면 대박
38,오빠한테 월급은 주는건가?
38,그러지말고 막이님이 해주세요
38,클립은 제목을 꼭 달아주세요! ʕっ•ﻌ•ʔっ 제목이 없는 클립은 삭제됩니당~ ʕっ•ﻌ•ʔっ
38,ㅋㅋㅋㅋ
38,무급 ㅋㅋㅋ
38,전 막이님 보러 와요...
38,이러면 3분할은 누가추나요??
38,빛라버니 무급 ㅋㅋㅋㅋ
38,ㅋㅋㅋㅋㅋㅋㅋㅋㅋㅋㅋㅋㅋㅋㅋㅋ 도네는 오면 보내면 되니까
38,사장님이 바뀌네 ㄷㄷ
38,???
38,????
38,ㅋㅋㅋㅋㅋㅋㅋㅋㅋㅋ
39,ㅗㅜㅑ..
39,???
39,ㅋㅋㅋㅋㅋㅋㅋㅋ
39,>> 그러지 말고 막이님이 해주세요 <<
39,그렇게 아이디를 준 막이님은 보상으로 영정을 당하셨다.
39,ㅋㅋㅋ
39,빛라버니가 제물이누? ㅋㅋ
39,ㅋㅋㅋㅋㅋㅋㅋㅋㅋㅋㅋㅋㅋㅋㅋㅋ
39,ㅋㅋㅋㅋㅋㅋㅋㅋㅋ
39,빛라버니 3분할 ㅗㅜㅑ
39,ㅋㅋㅋㅋㅋ
39,이걸?ㅋㅋㅋㅋㅋㅋㅋㅋㅋㅋㅋㅋㅋㅋ
39,ㅋㅋㅋㅋㅋㅋㅋㅋ
39,막라버니 3분할
39,ㅋㅋㅋㅋㅋㅋㅋㅋㅋㅋㅋ
39,ㅋㅋㅋㅋㅋㅋ
39,빛라버니 구미베어 춰주시나요?
39,... 아마 주자마자 바로 바지 벗으시고 계정폭팔 하실 듯한데... 그 때 기억상으론
39,구미베어 콜ㅋㅋㅋㅋㅋㅋㅋ
39,아 그러내 ㅋㅋ
39,ㅋㅋㅋ
39,ㅓㅜ 너무좋은데
39,ㅋㅋㅋㅋㅋㅋㅋㅋㅋㅋㅋ
39,ㅋㅋㅋㅋㅋㅋㅋ
39,ㅋㅋㅋ
39,ㅋㅋㅋㅋㅋㅋㅋㅋ
39,바지 벗.. 펑! ㅋㅋ
39,과연 해줄까?
39,오빠ㅏㅏㅏㅏ나죽어ㅓㅓㅓㅓ
39,ㅋㅋㅋㅋㅋㅋㅋㅋㅋㅋㅋㅋㅋㅋ
39,정지엔딩
39,ㅋㅋㅋㅋㅋㅋㅋㅋㅋㅋㅋㅋㅋㅋㅋㅋㅋㅋㅋㅋ
39,보여줘? 마? 자신있다!! 하건거 기억남 ㅋㅋㅋㅋ
39,ㅋㅋㅋㅋㅋㅋㅋ
39,자신은 모르겟고 그냥 방송은 터질꺼...
40,자신감 넘치시던데 ㄹㅇ
40,ㅋㅋㅋㅋㅋㅋㅋ
40,부럽네요 자신감이 가득차시다니...
40,그러다 ㄹㅇ 때리면 ㄹㅈㄷ
40,현피 뜨는거 같넼ㅋㅋㅋ
40,자신감이 줄줄 새시는 분...
40,커여워ㅋㅋㅋ
40,람각 날리던것도 기억남
40,대단한 마기님
40,거긴?
40,게임이야 뭐..
40,본가=이세계
40,스포당했다
40,거기야 뭐...
40,거기 브리핑 여기서 해도 됨? ㅋㅋㅋㅋㅋㅋ
40,그래그래
40,ㅋㅋㅋㅋㅋㅋㅋㅋㅋㅋㅋㅋㅋ
41,게임 뭐해욧??????
41,쉬엄쉬엄해
41,???
41,저녁어차피
41,ㅋㅋㅋㅋ
41,본세카이 ㅋㅋㅋ
41,ㅋㅋㅋㅋㅋㅋㅋ
41,못먹잖아요
41,저녁은 먹어야지
41,아마도!!
41,현실세계에선 이막이였던 내가?
41,샐러드 asmr 긔?
41,ㅋㅋㅋㅋㅋㅋㅋㅋㅋㅋㅋㅋㅋㅋㅋㅋ
41,ㅋㅋㅋㅋ
41,한거 들키면 혼나겠지
41,ㅋㅋㅋㅋㅋㅋㅋㅋㅋㅋㅋㅋㅋㅋㅋㅋㅋ\
41,ㅋㅋㅋㅋㅋㅋㅋㅋㅋㅋㅋㅋㅋㅋㅋ
41,ㅋㅋㅋㅋㅋㅋㅋㅋㅋㅋ
41,ㅋㅋㅋㅋㅋㅋㅋㅋㅋ
41,갱생막이 ㄷㄷ
41,갱생막이로 돌아오겠습니다
41,ㅋㅋㅋㅋㅋㅋㅋ
41,ㅋㅋㅋㅋㅋㅋㅋㅋㅋㅋㅋㅋㅋㅋㅋㅋㅋ
41,ㅋㅋㅋㅋㅋ
41,이야 이러케 본업충실 ㅋㅋㅋ
41,갱생막잌ㅋ
41,ㅋㅋㅋㅋㅋㅋㅋㅋㅋㅋㅋㅋㅋㅋ
41,ㅋㅋㅋㅋㅋ
41,10만찍고 우결해야죠
41,팔로우 10만 모으시게요 ?
41,그래.. 팔로우 10만팔만 모으면.. 우결이라구
41,!나이
41,다시먹고
42,누구랑 우결해?
42,ㅋㅋㅋㅋㅋㅋㅋㅋㅋ
42,우결까지 7만남았네
42,ㅋㅋㅋㅋㅋㅋㅋㅋ
42,!구독
42,https://www.twitch.tv/products/makiymagi
42,포기?
42,사장될지도? ㅋ
42,ㅋㅋㅋㅋ
42,ㅋㅋㅋㅋ
42,얘들아 팔로우 박아!!
42,ㅋㅋㅋㅋㅋㅋㅋㅋ
42,복 ㅋㅋㅋ
42,ㅋㅋㅋㅋㅋㅋ
42,그선 출발선 아냐!!
42,잠깐사이에 무슨일이?
42,ㄹㅇㅋㅋ
42,그러면 진결을 노려보는건 어때요?
42,ㄹㅇ ㅋㅋ
42,그치
43,어멋 진결
43,그걸 본업에서 푸는거지요? 엉? ㅋㅋㅋㅋ
43,ㄹㅇ 왠만하면 넘어가지
43,선넘으면 암살ㅋㅋㅋㅋ
43,ㅋㅋㅋㅋㅋㅋㅋ
43,그렇죠
43,멍! 멍! 아르르르르
43,!선
43,경고 없고 강퇴 없고 암살..
43,그냥 화남 밴 ㅋ
43,ㅇㅇ
43,맞지
43,그건 글치 ㅋㅋ
43,그래서 나도 회사라 하는건데
43,chamchamTT31
43,거기선 하지말아야지
43,옳소
43,맞워
43,정답이지
43,ㄹㅇㅋㅋ
43,chamchamTT31 chamchamTT31
43,맞아용
43,맞넹
44,까더라도 여기서 까! 막이님 패는 장소는 여기로 충분해!
44,와
44,ㅇㅋㅇㅋ
44,수면으로 하나요?
44,ㅎㅇㄹ는 요괴 아니었누?
44,와우
44,알차다
44,사랑니 아프겠다...
44,사랑니 뽑으면 얘기 못해요.....
44,와~!
44,와 ㅋㅋㅋ
44,몇시쯤에 키나욧????
44,ㅋㅋㅋㅋㅋㅋㅋㅋㅋㅋㅋㅋㅋㅋㅋㅋ
44,가능하면 스피치쳇 써서 대화합시다 ㅋㅋ
44,ㅋㅋㅋㅋㅋㅋㅋㅋㅋ
44,사랑니 안나는것도 복인거 같음 ㄹㅇ
44,사랑니는 쉬세요ㅋㅋㅋㅋㅋㅋㅋㅋㅋㅋ
44,내일은 쉬어요... 내일 사랑니 뽑으면 얘기 못해요...
44,kumihiT
44,진짜로 매일같이 방송하네
44,왜그래써요
44,사랑니가 뿌리가 휘어저있으면..
44,앗 사랑니 빼고 못먹어서 감량 성공할수도
44,그럼 이제 버츄얼이 아예 없는거야?
45,선생님 쉬시면서 하세요 몸 거덜나..
45,1만팔되서 확장인거??
45,6월달에 열심히 했으면 지금 좀 편했지
45,ㅋㅋㅋㅋㅋㅋㅋㅋㅋㅋㅋㅋㅋㅋㅋㅋㅋ
45,없음 ㅅㄱ
45,ㅋㅋㅋㅋㅋㅋㅋㅋㅋㅋㅋㅋㅋ
45,ㅋㅋㅋㅋㅋㅋㅋㅋㅋ
45,ㅋㅋㅋㅋㅋㅋㅋㅋㅋㅋㅋㅋㅋㅋㅋㅋㅋ
45,ㅋㅋㅋㅋㅋㅋㅋㅋㅋ
45,절대로 없지 ㅋㅋ
45,ㅋㅋㅋㅋㅋㅋㅋㅋㅋㅋㅋ
45,ㅋㅋㅋㅋㅋㅋㅋㅋㅋㅋㅋ
45,응 없어 ㅋㅋ
45,ㅋㅋㅋㅋㅋㅋㅋㅋㅋㅋㅋㅋ
45,날먹뱅송ㅋㅋㅋㅋㅋㅋ
45,ㅋㅋㅋㅋㅋㅋㅋㅋㅋㅋㅋㅋㅋㅋㅋㅋㅋㅋ
45,ㅋㅋㅋㅋㅋㅋ
45,ㄷ대리야?
45,높을 순 없다
45,대리뱅송?
45,결코 없지ㅋㅋㅋㅋㅋㅋㅋㅋㅋㅋㅋ
45,ㅋㅋㅋㅋㅋㅋㅋㅋㅋㅋㅋ
45,ㅇㄹㄷㅇㅈ
45,그랬으면 이미 거기서 컨택했겠지 ㅋㅋㅋㅋㅋ
45,ㅋㅋㅋㅋㅋ
45,ㅋㅋㅋㅋㅋ그그그...호모시기분 비슷하던데여?
45,어림도 없지
45,ㅋㅋㅋㅋㅋㅋㅋㅋㅋㅋㅋㅋㅋㅋ
45,헐 ㅋㅋㅋㅋㅋ
45,대타출동!!
45,ㅋㅋ
45,ㅋㅋㅋㅋㅋㅋㅋㅋㅋㅋㅋㅋㅋㅋㅋ
45,ㅋㅋㅋㅋㅋ
45,가까운 핏줄이 잘하실거같던데
45,우와
46,그럼 남자도 되는건가요 ㅋㅋㅋㅋㅋㅋㅋㅋㅋ
46,예비군 3년차인데 가능한가요?
46,바로 너목보되는거임?
46,어림도 읎지
46,ㅋㅋㅋㅋㅋㅋㅋㅋㅋ
46,ㅋㅋㅋㅋㅋㅋㅋㅋㅋㅋㅋ
46,지구밖에서도 못찾을수도
46,이걸 나눠지네
46,나눔
46,인격 분양합니다
46,찾기 힘들 꺼 같다
46,막하
46,반가워용 '- ^
46,ㅋㅋㅋㅋㅋㅋ
46,ㅋㅋㅋㅋㅋㅋㅋㅋㅋㅋㅋ
46,오반데
46,이도연은 어떻게 줄라고 ㅋㅋㅋㅋㅋㅋㅋㅋㅋㅋㅋㅋㅋㅋㅋㅋㅋ
46,ㅋㅋㅋㅋㅋㅋㅋㅋㅋㅋ
46,ㅋㅋㅋㅋㅋㅋㅋㅋㅋㅋㅋ
46,솔직히 셋다 싫은데..ㅋㅋㅋ
47,응 없어 ㅋㅋㅋ
47,ㅋㅋㅋㅋㅋㅋㅋㅋㅋㅋㅋㅋㅋㅋㅋㅋㅋㅋㅋㅋ
47,ㅋㅋㅋㅋㅋㅋㅋㅋㅋㅋㅋㅋ
47,마지막꺼 가져가겠습니다
47,ㅋㅋㅋㅋㅋ
47,ㅋㅋㅋㅋㅋㅋㅋ
47,그건 주면 안되지
47,이도연 어케 ㅋㅋㅋㅋㅋ
47,ㅋㅋ부캐가 몇개야
47,생일인데 막이님 방송봐서 행복해요
47,양도할 생각이였어???
47,sangmin4594 subscribed at Tier 1. 
47,ㄱㄴ
47,와 좋은데
47,ㄷㄷ
47,ㅋㅋㅋㅋㅋㅋㅋㅋㅋㅋ
47,그걸 주면 안되죠ㅋㅋㅋㅋㅋㅋㅋㅋㅋㅋㅋ
47,할만한데?
47,ㅋㅋㅋㅋㅋㅋㅋㅋㅋ
47,헐?
47,막하
47,반가워용 '- ^
47,아 드디어 침흘리는 막이가 나왓군
47,쌉가능
47,유튭 4시간은 ㅆㄱㄴ
47,4시간 보긴 그르케 쉬운게 아닌데
47,그리고 다시 잠자고
47,ㄹㅇ ㅋㅋ
47,ㅋㅋㅋㅋㅋ
47,ㅋㅋㅋㅋㅋㅋ
47,ㄹㅇ ㅋㅋ
47,ㅋㅋㅋㅋㅋㅋㅋㅋㅋㅋㅋㅋ
47,ㅋㅋㅋㅋㅋㅋㅋㅋ
47,ㅋㅋㅋ
47,ㄹㅇㅋㅋ
48,페북이 4시간동안 쳐다볼만한게 있어?
48,밥은요?
48,화장실에 그냥 박혀잇음되는거 아닌가
48,?
48,할만한데...?
48,쉽네
48,ㅋㅋㅋㅋ
48,막하
48,반가워용 '- ^
48,?
48,밥 안먹음..?
48,좋은데...?
48,ㅋㅋㅋㅋㅋㅋㅋㅋㅋㅋㅋㅋㅋㅋㅋㅋㅋㅋㅋㅋㅋㅋㅋㅋㅋㅋㅋㅋㅋㅋㅋㅋㅋㅋㅋㅋ
48,밥은요??
48,가능
48,종강해서 지금 그렇게 사는데.....??
48,ㅋㅋㅋㅋ
48,도연 삶 양도 받으면 바디 프로필 찍는 다이어트도 그 사람 몫 아님??
48,배고파 죽어서 못하겟다
48,어...? 나랑바꾸실...?
48,ㅋㅋㅋㅋㅋㅋㅋㅋㅋㅋ
48,돈은 막이님 돈으로 시켜먹고
48,그래서 식은채로 먹는거지
48,어..
48,도연의 삶을 사는거지
48,뭐지 제 삶가져가셨었나요
48,ㅋㅋㅋㅋㅋㅋㅋㅋㅋㅋㅋㅋㅋㅋ
48,와 나랑 바꾸고싶다
48,완전 좋은데...?
49,아
49,앗
49,아
49,그건좀;
49,옵치 에반데
49,안해
49,아
49,아
49,그건 좀;
49,앗
49,포기합니다
49,아...
49,워크샵해도되나요
49,오전 8시 출근 새벽3시퇴근인데 바꾸실래요?
49,그건좀
49,오반ㄷ데
49,어 빡센데?
49,관두겠습니다
49,막하
49,반가워용 '- ^
49,이제 가실때가 되었습니다
49,포기
49,빡세다
49,페북 오래하는이유를 알겠네
49,손——-절
49,옵치는좀
49,그만 옵치 보내주죠
49,옵치빼곤 지금 인생과 별반 다를게업슨데
49,아닌듯
49,ㅋㅋㅋㅋㅋ
49,옵치는 좀
49,ㅠ
49,ㅋㅋㅋㅋㅋㅋㅋ
49,옵치는 좀ㅇㅅㅇ
49,옵치는 좀 그래..
50,옳소
50,근데 또 배치시즌이야?
50,어쩐지 트게더에 뭘 올리든 막이님 다 아시은 거 같더라.. 다 페북에서 보셬ㅅ구나
50,진짜 시즌 너무 자주 바뀐다
50,실버가나?
50,아
50,가자 실버로!
50,ㅋㅋㅋㅋㅋㅋㅋㅋㅋㅋㅋㅋ
50,ㅋㅋㅋㅋㅋㅋㅋㅋㅋㅋㅋㅋㅋㅋㅋㅋㅋㅋㅋㅋ
50,ㅋㅋㅋㅋㅋㅋㅋㅋㅋㅋㅋㅋ
50,ㅋㅋㅋㅋ
51,오자마자 시비 ㅋㅋㅋㅋㅋㅋㅋㅋㅋ
51,ㅋㅋㅋㅋㅋㅋㅋㅋㅋㅋㅋㅋㅋㅋㅋㅋㅋㅋㅋㅋ
51,탈주각 ㅋ
51,ㅋㅋㅋㅋㅋㅋㅋㅋㅋㅋ
51,탈주를 못했누...
51,ㅋㅋㅋㅋㅋㅋㅋ
51,ㅋㅋㅋㅋㅋ
51,아 나 안불쌍하니깐
51,제발 징징거리지좀마
51,ㅋㅋㅋㅋㅋㅋㅋㅋㅋㅋㅋㅋㅋㅋㅋㅋㅋㅋㅋㅋ
51,ㅋㅋㅋㅋㅋㅋㅋㅋㅋㅋㅋㅋㅋㅋㅋㅋㅋㅋㅋㅋㅋㅋㅋㅋㅋㅋㅋㅋㅋㅋㅋ
51,ㅋㅋㅋㅋㅋㅋㅋㅋㅋㅋ
51,ㅋㅋㅋㅋㅋㅋ
51,ㅋㅋㅋㅋㅋㅋㅋ
51,나 갠찮으니깐 제발 징징거리지마
51,화많이 났누..
51,ㅋㅋㅋㅋㅋㅋㅋㅋㅋㅋㅋ
51,ㅋㅋㅋㅋㅋㅋㅋㅋㅋㅋㅋㅋㅋㅋㅋㅋㅋㅋ
52,ㅇ0ㅇ
52,ㅋㅋㅋㅋ
52,ㅋㅋㅋㅋㅋㅋㅋㅋㅋㅋㅋ
52,ㅇ0ㅇ
52,ㅋㅋㅋㅋㅋㅋㅋㅋㅋㅋㅋ
52,대단 ㅋㅋㅋ
52,재밌었겠다
52,ㅋㅋㅋㅋㅋㅋㅋㅋㅋㅋㅋㅋ
52,잘헀어요
52,단비?
52,ㅋㅋㅋ
52,오버워치 팀보이스 절망편
52,잘했습니다(?)
52,그게 방송각이지
52,아 그걸 봤어야 했는데
52,ㅋㅋㅋㅋㅋㅋㅋㅋㅋㅋㅋㅋ
52,그 사람이 어... 막이님 아니세요?? 라고 하지 않던가요??
52,단비 잘했어요
52,옵치 개판 10분후 팀보이스
52,젠어타 모이라 플레이어는 역시.. 부처인가
52,ㅋㅋㅋㅋㅋㅋㅋㅋㅋㅋㅋ
52,ㅋㅋㅋㅋㅋ
52,그걸 유튭각 이라 하는겁니닷
52,타겟이 바꼇누 ㅋ
52,ㅋㅋㅋㅋㅋㅋㅋㅋㅋㅋㅋㅋㅋㅋㅋㅋㅋㅋ
52,ㅋㅋㅋㅋㅋㅋㅋㅋㅋㅋㅋㅋㅋㅋㅋㅋ
53,ㅋㅋㅋㅋㅋㅋㅋㅋㅋㅋㅋㄱㅋ
53,ㅋㅋㅋㅋㅋㅋ
53,pvp가 문제야 역시
53,ㅋㅋㅋㅋㅋ
53,ㄹㅇㅋㅋ
53,이제 트게더에 막이의 실체를 밝힙니다 하면서 글올라오는거임 ㄷㄷ;
54,ㅋㅋㅋㅋㅋㅋㅋㅋㅋㅋㅋㅋㅋㅋㅋㅋ
54,ㄹㅇㅋㅋ
54,ㅇ0ㅇ
54,ㅋㅋㅋㅋㅋㅋㅋㅋㅋㅋㅋ
54,ㅋㅋㅋㅋㅋㅋ
54,다섯명이 모이면 하나는 반드시...
54,건들지않으면 물지않는다
54,너무 어렵다
54,심지어 메르시에 아나야
54,더 힘들어
54,진짜 너무어렵다
54,난이도 헬이다...
54,극악이야너무
54,닌이도 에반데
54,바디프로필도 그 사람 몫되는거임 이도연의 삶이란..
54,난이도가 이지에서 헬로 격상하네
54,힐러는 원래 내가 하기는 싫은데 누군가해줬으면 하는거야
54,앗! ㅋㅋ
55,오버워치 메르시 아나 8:2하고 다이어트해서 바디프로필도 찍어야함 ㅋㅋㅋㅋㅋㅋㅋㅋㅋ
55,ㅋㅋㅋㅋㅋㅋㅋㅋㅋㅋ
55,ㅋㅋㅋㅋㅋㅋㅋㅋㅋㅋㅋㅋ
55,어쩐지 트게더 다 본 내용인 것처럼 반응하드라...
55,페북이 재밌나요?
55,그리고 밥은 밖에서 싸늘하게 식었다고..
55,그만큼 페북이 볼게 많나?
55,영상?
55,아 그건 ㅇㅈ
55,막하
55,반가워용 '- ^
55,아 먼지알아 ㅋㅋㅋㅋㅋㅋㅋㅋㅋㅋㅋㅋ
55,ㅇㅎ
56,예능 짜른거 혹은 애니 짜른거?
56,예능 2배속
56,예능 드라마 영화 편집한거처럼
56,5분따리 영상들 말하는거죠
56,ㅋㅋㅋㅋ
56,ㅋㅋㅋㅋㅋㅋㅋㅋㅋㅋㅋ
56,사랑과전쟁 트위치에서 송출가능할떄 다 봐버렸다...
56,한동안 트위치에서 스트리머랑 같이 사랑과전쟁 보는 거 유행이엏는데... 아깝네
56,ㅋㅋㅋㅋㅋㅋㅋㅋㅋㅋㅋㅋㅋㅋㅋㅋㅋㅋ
56,같이 보면 재밌었을텐데 말이에요
56,전 페북계정 계속 유지하고 싶었는데 스토커가 지인들한테 까지 연락해서 계정삭제 했는데 비슷한 경함 있으신가요?
57,?
57,잘생기셨나보다...
57,그게 더 무서운거아닐까
57,그게 더 심각한거 아님...?
57,혹시 배달원
57,썰 풀자
57,그건 범죄자 아님?
57,?
57,배달원
57,썰은 이미 풀었구연
57,스토커도 무서운건 맞는데
57,고전 스토커..
57,꽤 된이야긴데
57,쫌 됫지
57,맞지 풀었지
57,아 비오니까 호떡 땡긴답...
57,근데 그 스토커가 친척이라 노답이였어요
58,내가 못본거엿구나
58,ㅇㅇ
58,그니까
58,그래서... cctv 설치.. 하셨나요
58,10분 지나고 왔습니다 제가ㅜ너무 선넘은거맞습니다 죄송함다
58,CCTV 주인이 안된다고 했다고 했었던듯
58,주인이 안달아준다고..
58,그래서 배달음식을....?
58,편의점 가까워서 부럽네요
58,카톡톡방인데 사실은 흑우방지톡방 https://open.kakao.com/o/glRysj1b
58,매니저?
58,B마트 시켜야죠
58,막하
58,반가워용 '- ^
58,ㅋㅋㅋㅋ
59,ㄹㅇ?
59,문 열자마자 보이게 iptv를 설치해야하나...
59,ㅋㅋㅋ
59,빻냥이~
59,ㅋㅋㅋㅋㅋㅋㅋㅋㅋㅋ
59,ㅋㅋㅋㅋㅋㅋㅋ
59,ㅋㅋㅋㅋㅋㅋㅋㅋㅋㅋㅋㅋㅋㅋ
59,ㅋㅋㅋㅋㅋㅋㅋㅋㅋㅋㅋ
59,커엽당
59,ㅋㅋㅋㅋㅋㅋㅋ
59,ㅋㅋㅋㅋㅋㅋㅋ
59,cctv 대신 트위치를 키는건 어떤가요?
59,졸린가봐
59,넓덕ㅋㅋㅋㅋㅋㅋ
59,러시안블루~
59,뭔가 표정이 사람같아
59,ㅋㅋㅋㅋㅋ 빻은게 귀엽네
59,어우 졸려 ㅋㅋ
59,졸려 ㅋㅋㅋㅋㅋ
60,콧수염있는 중년시사같음 ㅋㅋㅋㅋ
60,-빻-
60,?
60,?
60,?
60,?
60,?
60,?
60,???
60,아 언더테이커 등장씬에 천둥침
60,?
60,????
60,ㅋㅋㅋㅋㅋㅋㅋㅋㅋㅋ
60,막하~
60,ㅋㅋㅋㅋㅋㅋㅋ
60,막하
60,반가워용 '- ^
60,ㅋㅋㅋㅋㅋ
60,막하
60,ㅋㅋㅋㅋㅋㅋㅋㅋㅋㅋㅋㅋㅋㅋㅋㅋㅋㅋㅋㅋㅋㅋㅋㅋ
60,ㅋㅋㅋㅋㅋㅋㅋ
60,ㅋㅋㅋㅋㅋㅋㅋㅋㅋㅋㅋㅋ
60,ㅋㅋㅋㅋㅋㅋㅋㅋ
60,막하
60,만들어왓누
60,막하
60,ㅋㅋㅋㅋㅋㅋㅋㅋㅋㅋㅋㅋㅋㅋㅋㅋㅋㅋㅋㅋ
60,레슬링 겜 아님??
60,ㅋㅋㅋㅋㅋㅋㅋㅋㅋㅋㅋㅋㅋㅋ
60,막하
60,막하
60,makiyHello makiyHello makiyHello
60,ㅋㅋㅋㅋㅋㅋㅋㅋ
60,레스링이긴함
60,막이님 딱 닮았네
60,막하
60,소돋똑
60,바디프로필찍으면 저거죠?
60,막이마기다
60,ㅋㅋㅋㅋㅋㅋㅋㅋㅋㅋㅋㅋㅋㅋ
61,소돋똑
61,어휴 무서운 분이셨네 ㄷㄷ
61,디자인 진짜 잘했네 ㅋㅋㅋㅋㅋㅋㅋㅋㅋㅋㅋㅋㅋㅋㅋㅋㅋㅋㅋ
61,데드맨 워킹.....
61,바디프로필 찍으셨네
61,뭐지
61,막더테이커..
61,ㅋㅋㅋㅋㅋㅋㅋㅋㅋ
61,언제 저기 가심
61,듬직 ㅋ
61,저개 바디프로필이였누
61,마기님이닷ㅋㅋㅋㅋㅋ
61,뭐지 이렇게 닮을꼴을 본적은 처음이야
61,언더테이커 등장 음악에 천둥소리있어서 놀랬구나 ㅋㅋㅋㅋㅋㅋㅋㅋㅋ
61,듬직하다....
61,?
61,??
61,ㅋㅋㅋㅋㅋㅋㅋㅋㅋ
61,ㅋㅋㅋㅋㅋㅋㅋㅋㅋ
61,ㅋㅋㅋㅋㅋㅋㅋㅋㅋㅋㅋㅋㅋㅋ
61,ㅋㅋㅋㅋㅋㅋㅋㅋㅋㅋㅋ
61,이야 쩌누 ㅋ
61,ㅋㅋㅋㅋㅋㅋㅋ
62,ㅋㅋㅋㅋㅋㅋㅋㅋㅋㅋㅋㅋ
62,ㅋㅋㅋㅋㅋㅋ
62,ㅋㅋㅋㅋㅋㅋㅋ
62,ㅋㅋㅋ
62,ㅗㅜㅑ
62,??
62,응 ... 그래.. ..
62,빵 딱 짱
62,라는 꿈을 꾸었습니다
62,ㅋㅋㅋㅋㅋㅋㅋㅋㅋㅋㅋㅋㅋㅋㅋㅋㅋㅋㅋㅋㅋ
62,꿈에서라도 이루세요..
62,삐빅 디테일 ㅋㅋㅋㅋㅋㅋㅋㅋㅋㅋㅋ
62,삐빅 못지나갑니다
62,막하
62,반가워용 '- ^
62,ㅋㅋㅋㅋㅋㅋㅋㅋ
62,??
62,사진가들이 항상 하시는 말
62,삐빅-무게초과입니다
63,ㅋㅋㅋㅋㅋㅋㅋㅋ
63,고개 조금만 숙이시고
63,삐비빅 정짓!!!!!!
63,삐빅이 아니라 삐---
63,포즈 전혀 못 취할 거 같은데...
63,ㅋㅋㅋㅋㅋㅋㅋㅋㅋㅋㅋㅋㅋㅋㅋ
63,사진가님 텐션이 높네
63,ㅋㅋㅋㅋㅋㅋㅋㅋ 뇌내망생을 오늘도 펼치는 막이님
63,ㅋㅋㅋㅋㅋ
63,ㅋㅋㅋㅋㅋㅋㅋㅋ
63,ㅋㅋㄱ
63,ㅋㅋㅋㅋㅋㅋㅋㅋㅋㅋㅋㅋㅋ
63,ㅋㅋㅋㅋㅋㅋㅋㅋㅋㅋㅋ
63,ㅋㅋㅋㅋㅋㅋㅋㅋㅋㅋㅋㅋㅋㅋㅋㅋㅋㅋ
63,ㅋㅋㅋㅋㅋㅋㅋㅋㅋㅋ
63,ㅋㅋㅋㅋㅋㅋ
63,ㅋㅋㅋㅋㅋㅋㅋㅋㅋㅋㅋㅋㅋㅋㅋㅋㅋㅋㅋㅋㅋㅋ
63,과체중되버렷!
63,ㅋㅋㅋㅋㅋㅋㅋㅋㅋㅋㅋㅋ
63,ㅋㅋㅋㅋㅋㅋㅋ
63,ㅋㅋㅋㅋㅋ
63,ㅋㅋㅋㅋㅋㅋㅋㅋㅋㅋㅋㅋㅋㅋ
63,ㅋㅋㅋㅋㅋㅋㅋㅋㅋㅋㅋ
63,지하철 ㅋㅋ
63,로봇이 아닙니다...
64,ㅋㅋㅋㅋㅋㅋㅋㅋㅋㅋㅋ
64,ㅋㅋ
64,손
64,저도요
64,손
64,으아아악
64,손
64,나도 매복인데 무서워서 아직까지 못갔어
64,난 사랑니 너무 잘자라서 꺄륵! ㅋ
64,손
64,죽을것 같아요
64,손
64,안뽑아도됨 ㅎ
64,하나도 안아팠는데
64,뽑을 땐 하나도 안 아파요
64,솔직히 뺄때 안아프던데
64,매복 사랑니라서 죽는줄 알았어요
64,ㅋㅋㅋㅋㅋㅋㅋㅋㅋ
64,엌ㅋㅋㅋ
64,당연히 아프지 않을까요?
64,잘 자라서 안뽑아도 됨
64,매복아니면 안아픔
64,사랑니??? 있었던가 모르겠어요
64,진짠데 ㅋㅋㅋㅋㅋ
64,아픔
64,매복만 아니면
64,그냥 15분컷 후 피자 먹음
64,마취해서 솔직히 안아픔
64,마취하면 몰라요
64,매복인데 안자르고 뽑아서 엄청 아팠어요
64,대신 뽑고 나서가.. ㅋ
64,마취해서 안아픔
64,존나아파요 천장에 이나서 아픔요
64,사랑니 위에꺼는 안아픈데 아래꺼는 아파요
64,흐흠?
64,매복치였는데도 안아프던데
64,올?
64,그야 할 때는 마취를 하니까요
64,찍어달라고?
64,녹음???
64,ㅋㅋㅋㅋㅋㅋㅋㅋㅋㅋㅋㅋㅋ
65,전 의사가 끝났다고해서 역으로 끝났냐고 물어봄
65,녹음각 떴냐
65,녹음 좋다
65,오..!
65,실시간 울음방송
65,녹음으로 해주세요 ㅋㅋㅋ
65,유하각 을위해 사랑니를 뽑아?ㄷㄷ
65,소리가 대박일 듯
65,입천장에서 이나서 뽑았을때 아픔요
65,ㅋㅋㅋ 좋아요
65,ㅋㅋㅋㅋㅋㅋㅋ
65,신경줄 지나가는곳이라 잘못나면 위험하지
65,사고날까바 그런거임
65,신경가까우면 그럴수도있음
65,근데 수술 하는 와중에는 안아플걱같운대
65,아랫니쪽은 신경이 지나가서 잘못하면 위험하다고 들었어요
65,신경건들면 큰일나요
65,신경에 닿는건 엄청 위험해요
65,신경ㅇ선 지나면 겁나 아프다던데
65,?
65,보통 그래서 뽑기 전에 엑스레이 찍는데?
65,?
65,?
65,?
65,매복인지 아닌지 확인안한거죠?
65,?
65,?
65,?
65,ㅋㅋㅋㅋㅋㅋㅋㅋㅋㅋ
65,..?
65,풉ㅋ풉ㅋ
66,?
66,?
66,살살 긁기만하는거야
66,이걸 이러케 이어붙이내
66,ㅋㅋㅋㅋㅋㅋㅋㅋㅋ
66,?
66,신경 건드리면 겁나 아프데요
66,ㅖ
66,ㅖ
66,네
66,만막이
66,p
66,ㅔ
66,ㅔ
66,ㅔ
66,ㅖ
66,ㅔ
66,ㅔ
66,재밌자나여
66,ㅔ
66,ㅖ
66,치과에서 신경건들여서 이빨 하나 죽었는데 나중에 임플란트해야함..
66,에
66,ㅔ
66,ㅋㅋㅋㅋㅋㅋㅋㅋㅋㅋㅋㅋㅋㅋㅋㅋㅋㅋㅋㅋ
66,ㅔ
66,ㅋㅋㅋ
66,막하
66,반가워용 '- ^
66,ㅔ
66,ㅋㅋㅋㅋㅋㅋㅋㅋㅋㅋㅋㅋㅋㅋㅋ
66,예 만만해요
66,ㅋㅋㅋㅋㅋㅋ
66,뉘에 뉘에
66,사랑니 뽑을때 관짝 앞까지 갈정도였음요 ....
66,거기는 절대안가죠이제
66,그거 사랑니 수술하기전에 서명하고 한다던데
66,ㅋㅋㅋㅋㅋㅋㅋㅋㅋㅋㅋㅋㅋ
66,난바보다
66,?
66,ㅋㅋㅋㅋㅋㅋㅋ
66,ㅋㅋㅋㅋ
66,마음의 준비를 하시는게...
66,ㅋㅋㅋㅋ
66,틀어 달라 그래요 ㅋ
66,ㅋㅋㅋㅋㅋㅋㅋㅋㅋㅋㅋㅋㅋㅋㅋㅋ
66,포상 ㄱㅅ
66,ㅋㅋㅋㅋㅋ
67,ㅋㅋㅋㅋㅋㅋㅋㅋ
67,ㅋㅋㅋㅋㅋㅋㅋㅋㅋ
67,ㄹㅇ
67,ㄷㄷㄷㄷ
67,PrideLaugh
67,염라
67,걍 편히 하고 와요 썰 올릴 거리 생기는거잖음
67,ㅠㅠ
67,ㅋㅋㅋㅋ
67,엌
67,고생하셔소
67,사랑니 뽑고 나서 이 텐션 절대 안나옴 ㅋㅋ
67,막바막바
67,으직으직.. 안빠지네..다시..으직으직.. 반복
67,빠빰 빠라빠라
67,막바
67,오늘은 집에서함?
67,그리고 사랑니 뽑는것 꼭 녹음해오세요
67,아니면 이번주까진 회사?
67,그럴꺼 같네
68,ㅋㅋㅋㅋㅋㅋㅋㅋㅋㅋㅋㅋㅋㅋㅋㅋㅋㅋㅋㅋㅋㅋ
68,ㅋㅋㅋㅋㅋㅋㅋㅋㅋ
68,ㅋㅋㅋㅋㅋ
68,ㅋㅋㅋㅋㅋ
68,ㅋㅋㅋㅋㅋㅋㅋㅋㅋㅋㅋㅋㅋ
68,ㅋㅋㅋㅋㅋㅋㅋ
68,변기야 안녕!
68,ㅋㅋㅋㅋㅋㅋㅋㅋㅋ
68,오늘 집에서 한대요
68,ㅋㅋㅋㅋㅋㅋㅋㅋㅋㅋㅋㅋㅋㅋ
68,웃으면 아프지 않을 까요?
68,어헣 나죽어ㅋㅋㅋㅋ
68,텐션왕
68,위경련나고 몇일뒤에 술 또드셨자너
68,오늘 집이구만...
68,막바 호스팅은 본캐에 호스팅 합시다
68,유튜브랑 트위치로 나눠서 켜지나?
68,ㅋㅋㅋㅋㅋㅋㅋㅋㅋ
68,ㅋㅋㅋㅋㅋㅋㅋㅋ
68,사랑니 체험 ㅎㅇㅌ
68,ㅇㄱㅇ
68,ㅇㄱㅇ
68,ㅇㄱㅇ
68,ㅇㄱㅇ
68,ㅇㄱㅇ
68,톡으로 준다면야
68,ㅇㄱㅇ
68,ㅇㄱㅇ
68,네
68,!업타임
68,네
68,방송 업타임: 1 시간 09 분 07 초
68,1시간인데도 알차네 ㅋㅋㅋㅋㅋㅋㅋ
69,빛라버니 기대중
69,오
69,고생하셨습니다
69,오
69,괜찮은데?
69,좋은데여
69,크흠?
69,좋아요
69,???
69,오호오호
69,캡쳐보드가 없자나 본가에는
69,흐흠?
69,오호호?
69,외장형인가??
69,저번에 봤을때 내장형 같았느데
69,아 외장형이구나
69,오호라
69,외장형인가보다
69,2부가 기대되는구만
69,막하
69,반가워용 '- ^
69,오늘은 여기까지 !
70,막바~
70,본업으로 만납시당
70,막바
70,잘가유 달가유
70,막바
70,막바
70,2부는 언제쯤해욧???????
70,막바
70,막바
70,막바
70,? 방금왔는데 ㅠㅠ
70,수고하셨습니다 막바
70,막바
70,막바
70,막바
70,막바
70,ㅋㅋㅋㅋㅋㅋㅋㅋㅋㅋ
70,?
70,ㅋㅋㅋㅋㅋㅋㅋㅋㅋㅋㅋㅋㅋㅋㅋㅋㅋㅋㅋㅋㅋㅋㅋㅋㅋㅋㅋㅋㅋㅋ
70,ㅋㅋㅋㅋㅋㅋㅋㅋㅋㅋㅋㅋ
70,막바~
70,막바
70,?
70,ㅋㅋㅋㅋㅋㅋ
70,일단 보낼껀가보내 ㅋㅋ
70,ㅋㅋㅋㅋㅋㅋㅋㅋㅋㅋㅋㅋㅋㅋㅋㅋㅋ
70,막바~~~
70,막바 ㅋㅋㅋㅋㅋㅋㅋㅋ
70,ㅋㅋㅋㅋㅋㅋㅋ
70,사랑니 리뷰방송
70,ㅋㅋㅋㅋㅋㅋㅋㅋㅋ
70,막바
70,ㅋㅋㅋㅋㅋㅋㅋㅋ
70,막바
70,막바바
70,ㅂㅂ
70,다들 수고하셨습니다~
